{
    "tabview": {
        "plugins": {
            "tabview-plugin": {
                "requires": [
                    "tabview-base"
                ]
            },
            "tabview-base": {
                "requires": [
                    "node-event-delegate",
                    "classnamemanager",
                    "skin-sam-tabview"
                ]
            } 
        }, 
        "requires": [
            "widget", 
            "widget-parent",
            "widget-child",
            "tabview-base",
            "node-pluginhost",
            "node-focusmanager"
        ], 
        "skinnable": true
    } 
}
