{
    "autocomplete": {
        "submodules": {
            "autocomplete-base": {
                "requires": [
                    "base-base",
                    "event-valuechange",
                    "node-base",
                ]
            },

			"autocomplete-filters": {
				"requires": [
					"autocomplete-base",
					"collection"
				]
			},

			"autocomplete-highlighters": {
				"requires": [
					"autocomplete-base",
					"collection"
				]
			},

            "autocomplete-plugin": {
                "requires": [
                    "autocomplete-base",
                    "node-pluginhost"
                ]
            }
        }
    }
}
