{
    "data": {
      "dom": {
          "requires": ["event"],
          "supersedes": ["dom-base", "dom-style", "dom-screen", "selector"],
          "rollup": 3
      },

      "dom-base": {
          "path": "dom/dom-base-min.js",
          "requires": ["event"]
      },

      "dom-style": {
          "path": "dom/dom-style-min.js",
          "requires": ["dom-base"]

      },

      "dom-screen": {
          "path": "dom/dom-screen-min.js",
          "requires": ["dom-base", "dom-style"]
      },

      "selector": {
          "path": "dom/selector-min.js",
          "requires": ["dom-base"]
      },


      "node": {
          "supersedes": ["node-base", "node-style", "node-screen"],
          "requires": ["dom"],
          "rollup": 2
      },

      "node-base": {
          "path": "node/node-base-min.js",
          "requires": ["dom-base", "selector"]
      },

      "node-style": {
          "path": "node/node-style-min.js",
          "requires": ["dom-style", "node-base"]
      },

      "node-screen": {
          "path": "node/node-screen-min.js",
          "requires": ["dom-screen", "node-base"]
      },

      "anim": {
          "supersedes": ["anim-base", "anim-color", "anim-curve", "anim-easing", "anim-scroll", "anim-xy"],
          "requires": ["base", "node"]
      },

      "anim-base": {
          "path": "anim/anim-base-min.js",
          "requires": ["base", "node-style"]
      },

      "anim-color": {
          "path": "anim/anim-color-min.js",
          "requires": ["anim-base"]
      },

      "anim-curve": {
          "path": "anim/anim-curve-min.js",
          "requires": ["anim-xy"]
      },

      "anim-easing": {
          "path": "anim/anim-easing-min.js"
      },

      "anim-scroll": {
          "path": "anim/anim-scroll-min.js",
          "requires": ["anim-base"]
      },

      "anim-xy": {
          "path": "anim/anim-xy-min.js",
          "requires": ["anim-base", "node-screen"]
      },


        "attribute": { 
            "requires": ["event"]
        },

        "base": {
            "requires": ["attribute"]
        },
        
        "compat": { 
            "requires": ["node"]
        },
        
        "cookie": { },

        "cssbase": {
            "type": "css",
            "after": ["reset", "fonts", "grids"],
            "path": "cssbase/base.css"
        },

        "cssfonts": {
            "type": "css",
            "path": "cssfonts/fonts.css"
        },

        "cssgrids": {
            "type": "css",
            "requires": ["fonts"],
            "optional": ["reset"],
            "path": "cssgrids/grids.css"
        },

        "cssreset": {
            "type": "css",
            "path": "cssreset/reset.css"
        },

        "dd-ddm-base": {
            "path": "dd/dd-ddm-base-min.js",
            "requires": ["node", "base"]
        }, 
        "dd-ddm":{
            "path": "dd/dd-ddm-min.js",
            "requires": ["dd-ddm-base"]
        }, 
        "dd-ddm-drop":{
            "path": "dd/dd-ddm-drop-min.js",
            "requires": ["dd-ddm"]
        }, 
        "dd-drag":{
            "path": "dd/dd-drag-min.js",
            "requires": ["dd-ddm-base"]
        }, 
        "dd-drop":{
            "path": "dd/dd-drop-min.js",
            "requires": ["dd-ddm-drop"]
        }, 
        "dd-proxy":{
            "path": "dd/dd-proxy-min.js",
            "requires": ["dd-drag"]
        }, 
        "dd-constrain":{
            "path": "dd/dd-constrain-min.js",
            "requires": ["dd-drag", "dd-proxy"]
        }, 
        "dd-plugin":{
            "path": "dd/dd-plugin-min.js",
            "requires": ["dd-drag"],
            "optional": ["dd-constrain", "dd-proxy"]
        },
        "dd-drop-plugin":{
            "path": "dd/dd-drop-plugin-min.js",
            "requires": ["dd-drop"]
        },

        "dd":{
            "path": "dd/dd-min.js",
            "supersedes": ["dd-ddm-base", "dd-ddm", "dd-ddm-drop", "dd-drag", "dd-proxy", "dd-constrain", "dd-plugin", "dd-drop", "dd-drop-plugin", "dd-drag-proxy"],
            "rollup": 5
        },


        "dump": { },

        "event": { 
            "requires": ["oop"]
        },
        
        "io": { },

        "json-parse": {
            "path": "json/json-parse-min.js"
        },

        "json-stringify": {
            "path": "json/json-stringify-min.js"
        },

        "json": {
            "supersedes": ["json-parse", "json-stringify"]
        },
        
        "oop": { 
            "requires": ["yui-base"]
        },

        "queue": { },

        "substitute": {
            "optional": ["dump"]
        },
        "yui": {
            "supersedes": ["yui-base", "get", "loader"]
        },
        "yui-base": { }

    }
}
