{
    "widget": {
        "plugins": {
            "widget-child": {
                "requires": [
                    "base-build",
                    "widget"
                ]
            }, 
            "widget-parent": {
                "requires": [
                    "base-build",
                    "arraylist",
                    "widget"
                ]
            },
            "widget-position": {
                "requires": [
                    "base-build",
                    "node-screen",
                    "widget"
                ]
            },
            "widget-position-align": {
                "requires": [
                    "widget-position"
                ]
            },
            "widget-position-constrain": {
                "requires": [
                    "widget-position"
                ]
            },
            "widget-stack": {
                "requires": [
                    "base-build",
                    "widget"
                ],
                "skinnable": true
            },
            "widget-stdmod": {
                "requires": [
                    "base-build",
                    "widget"
                ]
            }
        },

        "skinnable": true,
         
        "submodules": {
            "widget-base": {
                "requires": [
                    "attribute", 
                    "event-focus", 
                    "base-base",
                    "base-pluginhost",
                    "node-base",
                    "node-style",
                    "node-event-delegate",
                    "classnamemanager"
                ]
            },

            "widget-htmlparser": {
                "requires": [
                    "widget-base"
                ]
            } 
        }
    },

    "widget-locale" : {
    	"requires" : [
    	    "widget-base"
    	],
    	"path": "widget/widget-locale-min.js"
    }
}
