{
    "anim": {
        "submodules": {
            "anim-base": {
                "requires": [
                    "base-base", 
                    "node-style"
                ]
            }, 
            "anim-color": {
                "requires": [
                    "anim-base"
                ]
            }, 
            "anim-curve": {
                "requires": [
                    "anim-xy"
                ]
            }, 
            "anim-easing": {
                "requires": [
                    "anim-base"
                ]
            }, 
            "anim-node-plugin": {
                "requires": [
                    "node-pluginhost", 
                    "anim-base"
                ]
            }, 
            "anim-scroll": {
                "requires": [
                    "anim-base"
                ]
            }, 
            "anim-xy": {
                "requires": [
                    "anim-base", 
                    "node-screen"
                ]
            }
        }
    }, 
    "arraysort": {}, 
    "async-queue": {
        "requires": [
            "event-custom"
        ]
    }, 
    "attribute": {
        "submodules": {
            "attribute-base": {
                "requires": [
                    "event-custom"
                ]
            }, 
            "attribute-complex": {
                "requires": [
                    "attribute-base"
                ]
            }
        }
    }, 
    "autocomplete": {
        "submodules": {
            "autocomplete-base": {
                "optional": [
                    "jsonp", 
                    "yql"
                ], 
                "plugins": {
                    "autocomplete-filters": {
                        "path": "autocomplete/autocomplete-filters-min.js", 
                        "requires": [
                            "array-extras", 
                            "unicode-wordbreak"
                        ]
                    }, 
                    "autocomplete-filters-accentfold": {
                        "path": "autocomplete/autocomplete-filters-accentfold-min.js", 
                        "requires": [
                            "array-extras", 
                            "unicode-accentfold", 
                            "unicode-wordbreak"
                        ]
                    }, 
                    "autocomplete-highlighters": {
                        "path": "autocomplete/autocomplete-highlighters-min.js", 
                        "requires": [
                            "array-extras", 
                            "highlight-base"
                        ]
                    }, 
                    "autocomplete-highlighters-accentfold": {
                        "path": "autocomplete/autocomplete-highlighters-accentfold-min.js", 
                        "requires": [
                            "array-extras", 
                            "highlight-accentfold"
                        ]
                    }
                }, 
                "requires": [
                    "array-extras", 
                    "base-build", 
                    "event-valuechange", 
                    "node-base"
                ]
            }, 
            "autocomplete-list": {
                "requires": [
                    "autocomplete-base", 
                    "widget", 
                    "widget-position", 
                    "widget-position-align", 
                    "widget-stack"
                ], 
                "skinnable": true
            }
        }
    }, 
    "base": {
        "submodules": {
            "base-base": {
                "requires": [
                    "attribute-base"
                ]
            }, 
            "base-build": {
                "requires": [
                    "base-base"
                ]
            }, 
            "base-pluginhost": {
                "requires": [
                    "base-base", 
                    "pluginhost"
                ]
            }
        }
    }, 
    "cache": {
        "submodules": {
            "cache-base": {
                "requires": [
                    "base"
                ]
            }, 
            "cache-offline": {
                "requires": [
                    "cache-base", 
                    "json"
                ]
            }
        }
    }, 
    "classnamemanager": {
        "requires": [
            "yui-base"
        ]
    }, 
    "collection": {
        "submodules": {
            "array-extras": {}, 
            "array-invoke": {}, 
            "arraylist": {}, 
            "arraylist-add": {
                "requires": [
                    "arraylist"
                ]
            }, 
            "arraylist-filter": {
                "requires": [
                    "arraylist"
                ]
            }
        }
    }, 
    "compat": {
        "requires": [
            "event-base", 
            "dom", 
            "dump", 
            "substitute"
        ]
    }, 
    "console": {
        "lang": [
            "en", 
            "es"
        ], 
        "plugins": {
            "console-filters": {
                "requires": [
                    "plugin", 
                    "console"
                ], 
                "skinnable": true
            }
        }, 
        "requires": [
            "yui-log", 
            "widget", 
            "substitute"
        ], 
        "skinnable": true
    }, 
    "cookie": {
        "requires": [
            "yui-base"
        ]
    }, 
    "cssbase": {
        "after": [
            "cssreset", 
            "cssfonts", 
            "cssgrids", 
            "cssreset-context", 
            "cssfonts-context", 
            "cssgrids-context"
        ], 
        "path": "cssbase/base-min.css", 
        "type": "css"
    }, 
    "cssbase-context": {
        "after": [
            "cssreset", 
            "cssfonts", 
            "cssgrids", 
            "cssreset-context", 
            "cssfonts-context", 
            "cssgrids-context"
        ], 
        "path": "cssbase/base-context-min.css", 
        "type": "css"
    }, 
    "cssfonts": {
        "path": "cssfonts/fonts-min.css", 
        "type": "css"
    }, 
    "cssfonts-context": {
        "path": "cssfonts/fonts-context-min.css", 
        "type": "css"
    }, 
    "cssgrids": {
        "optional": [
            "cssreset", 
            "cssfonts"
        ], 
        "path": "cssgrids/grids-min.css", 
        "type": "css"
    }, 
    "cssgrids-context-deprecated": {
        "optional": [
            "cssreset-context"
        ], 
        "path": "cssgrids-deprecated/grids-context-min.css", 
        "requires": [
            "cssfonts-context"
        ], 
        "type": "css"
    }, 
    "cssgrids-deprecated": {
        "optional": [
            "cssreset"
        ], 
        "path": "cssgrids-deprecated/grids-min.css", 
        "requires": [
            "cssfonts"
        ], 
        "type": "css"
    }, 
    "cssreset": {
        "path": "cssreset/reset-min.css", 
        "type": "css"
    }, 
    "cssreset-context": {
        "path": "cssreset/reset-context-min.css", 
        "type": "css"
    }, 
    "dataschema": {
        "submodules": {
            "dataschema-array": {
                "requires": [
                    "dataschema-base"
                ]
            }, 
            "dataschema-base": {
                "requires": [
                    "base"
                ]
            }, 
            "dataschema-json": {
                "requires": [
                    "dataschema-base", 
                    "json"
                ]
            }, 
            "dataschema-text": {
                "requires": [
                    "dataschema-base"
                ]
            }, 
            "dataschema-xml": {
                "requires": [
                    "dataschema-base"
                ]
            }
        }
    }, 
    "datasource": {
        "submodules": {
            "datasource-arrayschema": {
                "requires": [
                    "datasource-local", 
                    "plugin", 
                    "dataschema-array"
                ]
            }, 
            "datasource-cache": {
                "requires": [
                    "datasource-local", 
                    "cache-base"
                ]
            }, 
            "datasource-function": {
                "requires": [
                    "datasource-local"
                ]
            }, 
            "datasource-get": {
                "requires": [
                    "datasource-local", 
                    "get"
                ]
            }, 
            "datasource-io": {
                "requires": [
                    "datasource-local", 
                    "io-base"
                ]
            }, 
            "datasource-jsonschema": {
                "requires": [
                    "datasource-local", 
                    "plugin", 
                    "dataschema-json"
                ]
            }, 
            "datasource-local": {
                "requires": [
                    "base"
                ]
            }, 
            "datasource-polling": {
                "requires": [
                    "datasource-local"
                ]
            }, 
            "datasource-textschema": {
                "requires": [
                    "datasource-local", 
                    "plugin", 
                    "dataschema-text"
                ]
            }, 
            "datasource-xmlschema": {
                "requires": [
                    "datasource-local", 
                    "plugin", 
                    "dataschema-xml"
                ]
            }
        }
    }, 
    "datatable": {
        "submodules": {
            "datatable-base": {
                "requires": [
                    "recordset", 
                    "widget"
                ], 
                "skinnable": true
            }, 
            "datatable-sort": {
                "requires": [
                    "arraysort", 
                    "datatable-base", 
                    "plugin"
                ]
            }
        }
    }, 
    "datatype": {
        "submodules": {
            "datatype-date": {
                "lang": [
                    "ar", 
                    "ar-JO", 
                    "ca", 
                    "ca-ES", 
                    "da", 
                    "da-DK", 
                    "de", 
                    "de-AT", 
                    "de-DE", 
                    "el", 
                    "el-GR", 
                    "en", 
                    "en-AU", 
                    "en-CA", 
                    "en-GB", 
                    "en-IE", 
                    "en-IN", 
                    "en-JO", 
                    "en-MY", 
                    "en-NZ", 
                    "en-PH", 
                    "en-SG", 
                    "en-US", 
                    "es", 
                    "es-AR", 
                    "es-BO", 
                    "es-CL", 
                    "es-CO", 
                    "es-EC", 
                    "es-ES", 
                    "es-MX", 
                    "es-PE", 
                    "es-PY", 
                    "es-US", 
                    "es-UY", 
                    "es-VE", 
                    "fi", 
                    "fi-FI", 
                    "fr", 
                    "fr-BE", 
                    "fr-CA", 
                    "fr-FR", 
                    "hi", 
                    "hi-IN", 
                    "id", 
                    "id-ID", 
                    "it", 
                    "it-IT", 
                    "ja", 
                    "ja-JP", 
                    "ko", 
                    "ko-KR", 
                    "ms", 
                    "ms-MY", 
                    "nb", 
                    "nb-NO", 
                    "nl", 
                    "nl-BE", 
                    "nl-NL", 
                    "pl", 
                    "pl-PL", 
                    "pt", 
                    "pt-BR", 
                    "ro", 
                    "ro-RO", 
                    "ru", 
                    "ru-RU", 
                    "sv", 
                    "sv-SE", 
                    "th", 
                    "th-TH", 
                    "tr", 
                    "tr-TR", 
                    "vi", 
                    "vi-VN", 
                    "zh-Hans", 
                    "zh-Hans-CN", 
                    "zh-Hant", 
                    "zh-Hant-HK", 
                    "zh-Hant-TW"
                ], 
                "requires": [
                    "yui-base"
                ], 
                "supersedes": [
                    "datatype-date-format"
                ]
            }, 
            "datatype-number": {
                "requires": [
                    "yui-base"
                ]
            }, 
            "datatype-xml": {
                "requires": [
                    "yui-base"
                ]
            }
        }
    }, 
    "datatype-date-format": {
        "path": "datatype/datatype-date-format-min.js"
    }, 
    "dd": {
        "plugins": {
            "dd-drop-plugin": {
                "requires": [
                    "dd-drop"
                ]
            }, 
            "dd-gestures": {
                "condition": {
                    "test": "dd-gestures-test.js", 
                    "trigger": "dd-drag"
                }, 
                "requires": [
                    "dd-drag", 
                    "event-move"
                ]
            }, 
            "dd-plugin": {
                "optional": [
                    "dd-constrain", 
                    "dd-proxy"
                ], 
                "requires": [
                    "dd-drag"
                ]
            }
        }, 
        "submodules": {
            "dd-constrain": {
                "requires": [
                    "dd-drag"
                ]
            }, 
            "dd-ddm": {
                "requires": [
                    "dd-ddm-base", 
                    "event-resize"
                ]
            }, 
            "dd-ddm-base": {
                "requires": [
                    "node", 
                    "base", 
                    "yui-throttle", 
                    "classnamemanager"
                ]
            }, 
            "dd-ddm-drop": {
                "requires": [
                    "dd-ddm"
                ]
            }, 
            "dd-delegate": {
                "requires": [
                    "dd-drag", 
                    "dd-drop-plugin", 
                    "event-mouseenter"
                ]
            }, 
            "dd-drag": {
                "requires": [
                    "dd-ddm-base"
                ]
            }, 
            "dd-drop": {
                "requires": [
                    "dd-ddm-drop"
                ]
            }, 
            "dd-proxy": {
                "requires": [
                    "dd-drag"
                ]
            }, 
            "dd-scroll": {
                "requires": [
                    "dd-drag"
                ]
            }
        }
    }, 
    "dom": {
        "plugins": {
            "dom-style-ie": {
                "condition": {
                    "trigger": "dom-style", 
                    "ua": "ie"
                }, 
                "requires": [
                    "dom-style"
                ]
            }, 
            "selector-css3": {
                "requires": [
                    "selector-css2"
                ]
            }
        }, 
        "requires": [
            "oop"
        ], 
        "submodules": {
            "dom-base": {
                "requires": [
                    "oop"
                ]
            }, 
            "dom-screen": {
                "requires": [
                    "dom-base", 
                    "dom-style"
                ]
            }, 
            "dom-style": {
                "requires": [
                    "dom-base"
                ]
            }, 
            "selector": {
                "requires": [
                    "dom-base"
                ]
            }, 
            "selector-css2": {
                "requires": [
                    "selector-native"
                ]
            }, 
            "selector-native": {
                "requires": [
                    "dom-base"
                ]
            }
        }
    }, 
    "dump": {
        "requires": [
            "yui-base"
        ]
    }, 
    "editor": {
        "submodules": {
            "createlink-base": {
                "requires": [
                    "editor-base"
                ]
            }, 
            "editor-base": {
                "requires": [
                    "base", 
                    "frame", 
                    "node", 
                    "exec-command", 
                    "selection", 
                    "editor-para"
                ]
            }, 
            "editor-bidi": {
                "requires": [
                    "editor-base"
                ]
            }, 
            "editor-lists": {
                "requires": [
                    "editor-base"
                ]
            }, 
            "editor-para": {
                "requires": [
                    "editor-base"
                ]
            }, 
            "exec-command": {
                "requires": [
                    "frame"
                ]
            }, 
            "frame": {
                "requires": [
                    "base", 
                    "node", 
                    "selector-css3", 
                    "substitute"
                ]
            }, 
            "selection": {
                "requires": [
                    "node"
                ]
            }
        }
    }, 
    "escape": {}, 
    "event": {
        "after": "node-base", 
        "plugins": {
            "event-base-ie": {
                "after": [
                    "event-base"
                ], 
                "condition": {
                    "trigger": "node-base", 
                    "ua": "ie"
                }, 
                "requires": [
                    "node-base"
                ]
            }, 
            "event-touch": {
                "requires": [
                    "node-base"
                ]
            }
        }, 
        "submodules": {
            "event-base": {
                "after": "node-base", 
                "requires": [
                    "event-custom-base"
                ]
            }, 
            "event-delegate": {
                "requires": [
                    "node-base"
                ]
            }, 
            "event-focus": {
                "requires": [
                    "event-synthetic"
                ]
            }, 
            "event-key": {
                "requires": [
                    "event-synthetic"
                ]
            }, 
            "event-mouseenter": {
                "requires": [
                    "event-synthetic"
                ]
            }, 
            "event-mousewheel": {
                "requires": [
                    "event-synthetic"
                ]
            }, 
            "event-resize": {
                "requires": [
                    "event-synthetic"
                ]
            }, 
            "event-synthetic": {
                "requires": [
                    "node-base", 
                    "event-custom-complex"
                ]
            }
        }
    }, 
    "event-custom": {
        "submodules": {
            "event-custom-base": {
                "requires": [
                    "oop"
                ]
            }, 
            "event-custom-complex": {
                "requires": [
                    "event-custom-base"
                ]
            }
        }
    }, 
    "event-gestures": {
        "submodules": {
            "event-flick": {
                "requires": [
                    "node-base", 
                    "event-touch", 
                    "event-synthetic"
                ]
            }, 
            "event-move": {
                "requires": [
                    "node-base", 
                    "event-touch", 
                    "event-synthetic"
                ]
            }
        }
    }, 
    "event-simulate": {
        "requires": [
            "event-base"
        ]
    }, 
    "event-valuechange": {
        "requires": [
            "event-focus", 
            "event-synthetic"
        ]
    }, 
    "highlight": {
        "submodules": {
            "highlight-accentfold": {
                "requires": [
                    "highlight-base", 
                    "unicode-accentfold"
                ]
            }, 
            "highlight-base": {
                "requires": [
                    "array-extras", 
                    "escape", 
                    "unicode-wordbreak"
                ]
            }
        }
    }, 
    "history": {
        "plugins": {
            "history-hash-ie": {
                "condition": {
                    "test": "history-hash-ie-test.js", 
                    "trigger": "history-hash"
                }, 
                "requires": [
                    "history-hash", 
                    "node-base"
                ]
            }
        }, 
        "submodules": {
            "history-base": {
                "after": [
                    "history-deprecated"
                ], 
                "requires": [
                    "event-custom-complex"
                ]
            }, 
            "history-hash": {
                "after": [
                    "history-html5"
                ], 
                "requires": [
                    "event-synthetic", 
                    "history-base", 
                    "yui-later"
                ]
            }, 
            "history-html5": {
                "optional": [
                    "json"
                ], 
                "requires": [
                    "event-base", 
                    "history-base", 
                    "node-base"
                ]
            }
        }
    }, 
    "history-deprecated": {
        "requires": [
            "node"
        ]
    }, 
    "imageloader": {
        "requires": [
            "base-base", 
            "node-style", 
            "node-screen"
        ]
    }, 
    "intl": {
        "requires": [
            "intl-base", 
            "event-custom"
        ]
    }, 
    "io": {
        "submodules": {
            "io-base": {
                "optional": [
                    "querystring-stringify-simple"
                ], 
                "requires": [
                    "event-custom-base"
                ]
            }, 
            "io-form": {
                "requires": [
                    "io-base", 
                    "node-base", 
                    "node-style"
                ]
            }, 
            "io-queue": {
                "requires": [
                    "io-base", 
                    "queue-promote"
                ]
            }, 
            "io-upload-iframe": {
                "requires": [
                    "io-base", 
                    "node-base"
                ]
            }, 
            "io-xdr": {
                "requires": [
                    "io-base", 
                    "datatype-xml"
                ]
            }
        }
    }, 
    "json": {
        "submodules": {
            "json-parse": {
                "requires": [
                    "yui-base"
                ]
            }, 
            "json-stringify": {
                "requires": [
                    "yui-base"
                ]
            }
        }
    }, 
    "jsonp": {
        "plugins": {
            "jsonp-url": {
                "requires": [
                    "jsonp"
                ]
            }
        }, 
        "requires": [
            "get", 
            "oop"
        ]
    }, 
    "node": {
        "plugins": {
            "align-plugin": {
                "requires": [
                    "node-screen", 
                    "node-pluginhost"
                ]
            }, 
            "node-event-simulate": {
                "requires": [
                    "node-base", 
                    "event-simulate"
                ]
            }, 
            "shim-plugin": {
                "requires": [
                    "node-style", 
                    "node-pluginhost"
                ]
            }, 
            "transition": {
                "requires": [
                    "transition-native", 
                    "node-style"
                ]
            }, 
            "transition-native": {
                "requires": [
                    "node-base"
                ]
            }
        }, 
        "submodules": {
            "node-base": {
                "requires": [
                    "dom-base", 
                    "selector-css2", 
                    "event-base"
                ]
            }, 
            "node-event-delegate": {
                "requires": [
                    "node-base", 
                    "event-delegate"
                ]
            }, 
            "node-pluginhost": {
                "requires": [
                    "node-base", 
                    "pluginhost"
                ]
            }, 
            "node-screen": {
                "requires": [
                    "dom-screen", 
                    "node-base"
                ]
            }, 
            "node-style": {
                "requires": [
                    "dom-style", 
                    "node-base"
                ]
            }
        }
    }, 
    "node-flick": {
        "requires": [
            "classnamemanager", 
            "transition", 
            "event-flick", 
            "plugin"
        ], 
        "skinnable": true
    }, 
    "node-focusmanager": {
        "requires": [
            "attribute", 
            "node", 
            "plugin", 
            "node-event-simulate", 
            "event-key", 
            "event-focus"
        ]
    }, 
    "node-menunav": {
        "requires": [
            "node", 
            "classnamemanager", 
            "plugin", 
            "node-focusmanager"
        ], 
        "skinnable": true
    }, 
    "oop": {
        "requires": [
            "yui-base"
        ]
    }, 
    "overlay": {
        "requires": [
            "widget", 
            "widget-stdmod", 
            "widget-position", 
            "widget-position-align", 
            "widget-stack", 
            "widget-position-constrain"
        ], 
        "skinnable": true
    }, 
    "plugin": {
        "requires": [
            "base-base"
        ]
    }, 
    "pluginhost": {
        "requires": [
            "yui-base"
        ]
    }, 
    "profiler": {
        "requires": [
            "yui-base"
        ]
    }, 
    "querystring": {
        "submodules": {
            "querystring-parse": {
                "requires": [
                    "yui-base", 
                    "array-extras"
                ]
            }, 
            "querystring-stringify": {
                "requires": [
                    "yui-base"
                ]
            }
        }
    }, 
    "querystring-parse-simple": {
        "path": "querystring/querystring-parse-simple-min.js", 
        "requires": [
            "yui-base"
        ]
    }, 
    "querystring-stringify-simple": {
        "path": "querystring/querystring-stringify-simple-min.js", 
        "requires": [
            "yui-base"
        ]
    }, 
    "queue-promote": {
        "requires": [
            "yui-base"
        ]
    }, 
    "queue-run": {
        "path": "async-queue/async-queue-min.js", 
        "requires": [
            "event-custom"
        ]
    }, 
    "recordset": {
        "submodules": {
            "recordset-base": {
                "requires": [
                    "base", 
                    "arraylist"
                ]
            }, 
            "recordset-filter": {
                "requires": [
                    "recordset-base", 
                    "array-extras"
                ]
            }, 
            "recordset-indexer": {
                "requires": [
                    "recordset-base", 
                    "plugin"
                ]
            }, 
            "recordset-sort": {
                "requires": [
                    "arraysort", 
                    "recordset-base"
                ]
            }
        }
    }, 
    "scrollview": {
        "plugins": {
            "scrollview-base": {
                "path": "scrollview/scrollview-base-min.js", 
                "requires": [
                    "widget", 
                    "event-gestures", 
                    "transition"
                ], 
                "skinnable": true
            }, 
            "scrollview-paginator": {
                "path": "scrollview/scrollview-paginator-min.js", 
                "requires": [
                    "plugin"
                ], 
                "skinnable": true
            }, 
            "scrollview-scrollbars": {
                "path": "scrollview/scrollview-scrollbars-min.js", 
                "requires": [
                    "plugin"
                ], 
                "skinnable": true
            }
        }, 
        "requires": [
            "scrollview-base", 
            "scrollview-scrollbars"
        ]
    }, 
    "slider": {
        "submodules": {
            "clickable-rail": {
                "requires": [
                    "slider-base"
                ]
            }, 
            "range-slider": {
                "requires": [
                    "slider-base", 
                    "slider-value-range", 
                    "clickable-rail"
                ]
            }, 
            "slider-base": {
                "requires": [
                    "widget", 
                    "dd-constrain", 
                    "substitute"
                ], 
                "skinnable": true
            }, 
            "slider-value-range": {
                "requires": [
                    "slider-base"
                ]
            }
        }
    }, 
    "sortable": {
        "plugins": {
            "sortable-scroll": {
                "requires": [
                    "dd-scroll"
                ]
            }
        }, 
        "requires": [
            "dd-delegate", 
            "dd-drop-plugin", 
            "dd-proxy"
        ]
    }, 
    "stylesheet": {
        "requires": [
            "yui-base"
        ]
    }, 
    "substitute": {
        "optional": [
            "dump"
        ]
    }, 
    "swf": {
        "requires": [
            "event-custom", 
            "node", 
            "swfdetect"
        ]
    }, 
    "swfdetect": {}, 
    "tabview": {
        "plugins": {
            "tabview-base": {
                "requires": [
                    "node-event-delegate", 
                    "classnamemanager", 
                    "skin-sam-tabview"
                ]
            }, 
            "tabview-plugin": {
                "requires": [
                    "tabview-base"
                ]
            }
        }, 
        "requires": [
            "widget", 
            "widget-parent", 
            "widget-child", 
            "tabview-base", 
            "node-pluginhost", 
            "node-focusmanager"
        ], 
        "skinnable": true
    }, 
    "test": {
        "requires": [
            "substitute", 
            "node", 
            "json", 
            "event-simulate"
        ], 
        "skinnable": true
    }, 
    "transition": {
        "submodules": {
            "transition-native": {
                "requires": [
                    "node-base"
                ]
            }, 
            "transition-timer": {
                "requires": [
                    "transition-native", 
                    "node-style"
                ]
            }
        }
    }, 
    "unicode": {
        "submodules": {
            "unicode-accentfold": {
                "requires": [
                    "array-extras", 
                    "unicode-data-accentfold"
                ]
            }, 
            "unicode-data-accentfold": {}, 
            "unicode-data-wordbreak": {}, 
            "unicode-wordbreak": {
                "requires": [
                    "array-extras", 
                    "unicode-data-wordbreak"
                ]
            }
        }
    }, 
    "uploader": {
        "requires": [
            "event-custom", 
            "node", 
            "base", 
            "swf"
        ]
    }, 
    "widget": {
        "plugins": {
            "widget-child": {
                "requires": [
                    "base-build", 
                    "widget"
                ]
            }, 
            "widget-parent": {
                "requires": [
                    "base-build", 
                    "arraylist", 
                    "widget"
                ]
            }, 
            "widget-position": {
                "requires": [
                    "base-build", 
                    "node-screen", 
                    "widget"
                ]
            }, 
            "widget-position-align": {
                "requires": [
                    "widget-position"
                ]
            }, 
            "widget-position-constrain": {
                "requires": [
                    "widget-position"
                ]
            }, 
            "widget-stack": {
                "requires": [
                    "base-build", 
                    "widget"
                ], 
                "skinnable": true
            }, 
            "widget-stdmod": {
                "requires": [
                    "base-build", 
                    "widget"
                ]
            }
        }, 
        "skinnable": true, 
        "submodules": {
            "widget-base": {
                "requires": [
                    "attribute", 
                    "event-focus", 
                    "base-base", 
                    "base-pluginhost", 
                    "node-base", 
                    "node-style", 
                    "node-event-delegate", 
                    "classnamemanager"
                ]
            }, 
            "widget-htmlparser": {
                "requires": [
                    "widget-base"
                ]
            }
        }
    }, 
    "widget-anim": {
        "requires": [
            "plugin", 
            "anim-base", 
            "widget"
        ]
    }, 
    "widget-locale": {
        "path": "widget/widget-locale-min.js", 
        "requires": [
            "widget-base"
        ]
    }, 
    "yql": {
        "requires": [
            "jsonp", 
            "jsonp-url"
        ]
    }, 
    "yui": {
        "submodules": {
            "features": {
                "requires": [
                    "yui-base"
                ]
            }, 
            "get": {
                "requires": [
                    "yui-base"
                ]
            }, 
            "intl-base": {
                "requires": [
                    "yui-base"
                ]
            }, 
            "rls": {
                "requires": [
                    "get", 
                    "features"
                ]
            }, 
            "yui-base": {}, 
            "yui-later": {
                "requires": [
                    "yui-base"
                ]
            }, 
            "yui-log": {
                "requires": [
                    "yui-base"
                ]
            }, 
            "yui-throttle": {
                "requires": [
                    "yui-base"
                ]
            }
        }
    }
}