{
    "yui": {
        "submodules": {
            "get": {
                "requires": ["yui-base"]
            },
            "yui-base": {},
            "rls": {
                "requires": ["get", "features"]
            },
            "features": {
                "requires": ["yui-base"]
            },
            "yui-later": {
                "requires": ["yui-base"]
            },
            "yui-log": {
                "requires": ["yui-base"]
            },
            "yui-throttle": {
                "requires": ["yui-base"]
            },
            "intl-base": {
                "requires": ["yui-base"]
            }
        }
    }
}
