{
    "slider": {
        "submodules": {

            "slider-base": {
                "requires": [
                    "widget", 
                    "dd-constrain", 
                    "substitute"
                ], 
                "skinnable": true
            },

            "slider-value-range": {
                "requires": [ "slider-base" ]
            },

            "clickable-rail": {
                "requires": [ "slider-base" ]
            },

            "range-slider": {
                "requires": [
                    "slider-base",
                    "slider-value-range",
                    "clickable-rail"
                ]
            }
        }
    }
}
